parent_slug,slug,post_title,meta_description,post_content
"dubai","gold-souk","Corporate Tax & Accounting Consultants in Gold Souk, Deira","NUFCA Gold Souk Branch: Office 115, Sheikha Building, Gold Souq, Deira. Corporate tax, VAT margin scheme & goAML compliance for jewelers.","<div class=""pseo-container"" style=""font-family: Arial, sans-serif; line-height: 1.6; color: #333;"">
    <div style=""background: linear-gradient(135deg, #0b2545 0%, #134074 100%); color: #fff; padding: 40px 25px; border-radius: 12px; margin-bottom: 30px;"">
        <span style=""background: #eef4f8; color: #134074; font-size: 13px; font-weight: bold; padding: 4px 12px; border-radius: 20px; text-transform: uppercase;"">
            Gold Souk (Deira, Dubai) • FTA Registered Tax Agents
        </span>
        <h1 style=""color: #ffffff; font-size: 32px; margin-top: 15px; font-weight: 700;"">Corporate Tax & Accounting Consultants in Gold Souk, Deira</h1>
        <p style=""font-size: 18px; opacity: 0.9; max-width: 800px;"">Visit our physical branch in Sheikha Building, Gold Souq. Specialized corporate tax filing, daily bullion spot rate inventory valuation, margin scheme VAT, and goAML compliance.</p>
        
        <!-- Physical Branch Office Highlight Box -->
        <div style=""background: rgba(255, 255, 255, 0.1); border: 1px solid rgba(255, 255, 255, 0.25); padding: 15px 20px; border-radius: 8px; margin-top: 20px; font-size: 14px;"">
            <div style=""font-weight: bold; color: #8da9c4; font-size: 12px; text-transform: uppercase;"">📍 Visit Our Gold Souk (Deira, Dubai) Branch:</div>
            <div style=""font-size: 15px; font-weight: bold; margin-top: 4px;"">NUFCA Gold Souk Branch Office</div>
            <div style=""opacity: 0.9;"">Office 115, Sheikha Building, Gold Souq, Al Ras, Deira, Dubai, UAE</div>
            <div style=""margin-top: 6px;"">📞 Phone: <strong>055-9831923</strong> | ✉️ Email: <strong>dmcc@nufca.com</strong></div>
        </div>

        <div style=""margin-top: 25px;"">
            <a href=""https://nufca.com/contact-us/"" style=""background: #8da9c4; color: #0b2545; font-weight: bold; padding: 12px 28px; text-decoration: none; border-radius: 6px; display: inline-block;"">Get Free Corporate Tax Consultation</a>
        </div>
    </div>

    <div style=""background: #f8f9fa; border-left: 5px solid #134074; padding: 25px; border-radius: 4px; margin-bottom: 35px;"">
        <h2 style=""color: #0b2545; font-size: 24px; margin-top: 0;"">Industry Focus in Gold Souk (Deira, Dubai)</h2>
        <p style=""font-size: 16px;"">Specialized tax advisory for <strong>Precious Metals Refineries, Bullion Wholesalers, Diamond Merchants & Retail Jewelry Shops in Deira Gold Souk</strong>. Our qualified tax agents at our Gold Souk (Deira, Dubai) branch ensure your business complies with Federal Decree-Law No. 47 of 2022 before your 9-month filing deadline.</p>
    </div>

    <div style=""margin-bottom: 35px;"">
        <h2 style=""color: #0b2545; font-size: 24px; border-bottom: 2px solid #eef4f8; padding-bottom: 10px;"">Key Regulations in Gold Souk (Deira, Dubai)</h2>
        <div style=""background: #fff; border: 1px solid #e2e8f0; padding: 20px; border-radius: 8px;"">
            <p style=""font-size: 16px;"">FTA Gold & Precious Metals Reverse Charge Mechanism, goAML Cash Transaction reporting, & IFRS FIFO/Weighted Average spot inventory valuation.</p>
            <ul style=""padding-left: 20px; margin-top: 15px;"">
                <li><strong>FTA Registration & EmaraTax Filing:</strong> Complete setup and registration number confirmation.</li>
                <li><strong>Taxable Income Adjustments:</strong> Accounting profit adjustments for non-deductibles & depreciation.</li>
                <li><strong>Transfer Pricing & Related Party Rules:</strong> Market value benchmarking & documentation.</li>
            </ul>
        </div>
    </div>

    <div style=""margin-bottom: 40px;"">
        <h2 style=""color: #0b2545; font-size: 24px; border-bottom: 2px solid #eef4f8; padding-bottom: 10px;"">Frequently Asked Questions (Gold Souk (Deira, Dubai))</h2>
        <div style=""margin-top: 20px;"">
            <div style=""margin-bottom: 15px; border: 1px solid #e2e8f0; border-radius: 6px; padding: 15px;"">
                <h3 style=""font-size: 18px; color: #134074; margin: 0 0 8px 0;"">❓ Where is NUFCA's Gold Souk office located?</h3>
                <p style=""margin: 0; color: #555;"">Our Gold Souk branch is located at Office 115, Sheikha Building, Gold Souq, Al Ras, Deira, Dubai. You can visit our consultants directly for tax and bookkeeping advice.</p>
            </div>
            <div style=""margin-bottom: 15px; border: 1px solid #e2e8f0; border-radius: 6px; padding: 15px;"">
                <h3 style=""font-size: 18px; color: #134074; margin: 0 0 8px 0;"">❓ How are gold inventory spot price fluctuations handled for corporate tax in Gold Souk?</h3>
                <p style=""margin: 0; color: #555;"">Inventory must be valued using IFRS compliant FIFO or Weighted Average Cost methods based on daily gold spot market rates, with unrealized mark-to-market gains adjusted as per corporate tax rules.</p>
            </div>
        </div>
    </div>

    <div style=""background: #0b2545; color: #fff; text-align: center; padding: 35px 20px; border-radius: 10px;"">
        <h2 style=""color: #fff; margin-top: 0;"">Visit Our Gold Souk (Deira, Dubai) Branch Office Today</h2>
        <p style=""font-size: 16px; opacity: 0.9; margin-bottom: 5px;"">Office 115, Sheikha Building, Gold Souq, Al Ras, Deira, Dubai, UAE</p>
        <p style=""font-size: 16px; opacity: 0.9; margin-bottom: 20px;"">Call us at <strong>055-9831923</strong> or book online.</p>
        <a href=""https://nufca.com/contact-us/"" style=""background: #ffffff; color: #0b2545; font-weight: bold; padding: 14px 32px; text-decoration: none; border-radius: 6px; display: inline-block;"">Book Free Consultation</a>
    </div>
</div>

<!-- FAQ & LocalBusiness Schema -->
<script type=""application/ld+json"">
{
  ""@context"": ""https://schema.org"",
  ""@graph"": [
    {
      ""@type"": ""AccountingService"",
      ""name"": ""NUFCA Gold Souk (Deira, Dubai) Branch"",
      ""address"": {
        ""@type"": ""PostalAddress"",
        ""streetAddress"": ""Office 115, Sheikha Building, Gold Souq, Al Ras, Deira, Dubai, UAE"",
        ""addressCountry"": ""AE""
      },
      ""telephone"": ""055-9831923"",
      ""email"": ""dmcc@nufca.com"",
      ""url"": ""https://nufca.com/dubai/gold-souk/""
    },
    {
      ""@type"": ""FAQPage"",
      ""mainEntity"": [{
        ""@type"": ""Question"",
        ""name"": ""Where is NUFCA's Gold Souk office located?"",
        ""acceptedAnswer"": {
          ""@type"": ""Answer"",
          ""text"": ""Our Gold Souk branch is located at Office 115, Sheikha Building, Gold Souq, Al Ras, Deira, Dubai. You can visit our consultants directly for tax and bookkeeping advice.""
        }
      }, {
        ""@type"": ""Question"",
        ""name"": ""How are gold inventory spot price fluctuations handled for corporate tax in Gold Souk?"",
        ""acceptedAnswer"": {
          ""@type"": ""Answer"",
          ""text"": ""Inventory must be valued using IFRS compliant FIFO or Weighted Average Cost methods based on daily gold spot market rates, with unrealized mark-to-market gains adjusted as per corporate tax rules.""
        }
      }]
    }
  ]
}
</script>"
"dubai","dmcc","Corporate Tax Consultants in DMCC, Dubai","NUFCA DMCC Branch at Almas Tower JLT. Corporate tax registration, QFZP 0% tax valuation & commodity trading audit in DMCC.","<div class=""pseo-container"" style=""font-family: Arial, sans-serif; line-height: 1.6; color: #333;"">
    <div style=""background: linear-gradient(135deg, #0b2545 0%, #134074 100%); color: #fff; padding: 40px 25px; border-radius: 12px; margin-bottom: 30px;"">
        <span style=""background: #eef4f8; color: #134074; font-size: 13px; font-weight: bold; padding: 4px 12px; border-radius: 20px; text-transform: uppercase;"">
            DMCC / JLT (Dubai) • FTA Registered Tax Agents
        </span>
        <h1 style=""color: #ffffff; font-size: 32px; margin-top: 15px; font-weight: 700;"">Corporate Tax & Financial Audit Consultants in DMCC Almas Tower</h1>
        <p style=""font-size: 18px; opacity: 0.9; max-width: 800px;"">Visit our DMCC branch office on the 1st Floor of Almas Tower. Expert Qualifying Free Zone Person (QFZP) 0% tax verification, commodity trading audit, and corporate tax returns.</p>
        
        <!-- Physical Branch Office Highlight Box -->
        <div style=""background: rgba(255, 255, 255, 0.1); border: 1px solid rgba(255, 255, 255, 0.25); padding: 15px 20px; border-radius: 8px; margin-top: 20px; font-size: 14px;"">
            <div style=""font-weight: bold; color: #8da9c4; font-size: 12px; text-transform: uppercase;"">📍 Visit Our DMCC / JLT (Dubai) Branch:</div>
            <div style=""font-size: 15px; font-weight: bold; margin-top: 4px;"">NUFCA DMCC Branch Office</div>
            <div style=""opacity: 0.9;"">01-34, 1st Floor, Almas Tower, Near JLT Metro Station, Dubai, UAE</div>
            <div style=""margin-top: 6px;"">📞 Phone: <strong>055-9831923</strong> | ✉️ Email: <strong>dmcc@nufca.com</strong></div>
        </div>

        <div style=""margin-top: 25px;"">
            <a href=""https://nufca.com/contact-us/"" style=""background: #8da9c4; color: #0b2545; font-weight: bold; padding: 12px 28px; text-decoration: none; border-radius: 6px; display: inline-block;"">Get Free Corporate Tax Consultation</a>
        </div>
    </div>

    <div style=""background: #f8f9fa; border-left: 5px solid #134074; padding: 25px; border-radius: 4px; margin-bottom: 35px;"">
        <h2 style=""color: #0b2545; font-size: 24px; margin-top: 0;"">Industry Focus in DMCC / JLT (Dubai)</h2>
        <p style=""font-size: 16px;"">Specialized tax advisory for <strong>DMCC Commodity Traders, Tech Enterprises, Global Trading Firms, & Consultancies in Jumeirah Lakes Towers (JLT)</strong>. Our qualified tax agents at our DMCC / JLT (Dubai) branch ensure your business complies with Federal Decree-Law No. 47 of 2022 before your 9-month filing deadline.</p>
    </div>

    <div style=""margin-bottom: 35px;"">
        <h2 style=""color: #0b2545; font-size: 24px; border-bottom: 2px solid #eef4f8; padding-bottom: 10px;"">Key Regulations in DMCC / JLT (Dubai)</h2>
        <div style=""background: #fff; border: 1px solid #e2e8f0; padding: 20px; border-radius: 8px;"">
            <p style=""font-size: 16px;"">DMCC Authority regulations, Designated Zone commodity trading rules, & Article 18 QFZP Qualifying Income criteria.</p>
            <ul style=""padding-left: 20px; margin-top: 15px;"">
                <li><strong>FTA Registration & EmaraTax Filing:</strong> Complete setup and registration number confirmation.</li>
                <li><strong>Taxable Income Adjustments:</strong> Accounting profit adjustments for non-deductibles & depreciation.</li>
                <li><strong>Transfer Pricing & Related Party Rules:</strong> Market value benchmarking & documentation.</li>
            </ul>
        </div>
    </div>

    <div style=""margin-bottom: 40px;"">
        <h2 style=""color: #0b2545; font-size: 24px; border-bottom: 2px solid #eef4f8; padding-bottom: 10px;"">Frequently Asked Questions (DMCC / JLT (Dubai))</h2>
        <div style=""margin-top: 20px;"">
            <div style=""margin-bottom: 15px; border: 1px solid #e2e8f0; border-radius: 6px; padding: 15px;"">
                <h3 style=""font-size: 18px; color: #134074; margin: 0 0 8px 0;"">❓ Where is NUFCA's DMCC office located?</h3>
                <p style=""margin: 0; color: #555;"">Our DMCC office is located at 01-34, 1st Floor, Almas Tower, Near JLT Metro Station, Dubai. Call us at 055-9831923 or email dmcc@nufca.com.</p>
            </div>
            <div style=""margin-bottom: 15px; border: 1px solid #e2e8f0; border-radius: 6px; padding: 15px;"">
                <h3 style=""font-size: 18px; color: #134074; margin: 0 0 8px 0;"">❓ Do DMCC free zone companies qualify for 0% corporate tax?</h3>
                <p style=""margin: 0; color: #555;"">DMCC entities satisfying all QFZP conditions, including adequate substance in JLT and qualifying income from trading or headquarter services, enjoy a 0% tax rate.</p>
            </div>
        </div>
    </div>

    <div style=""background: #0b2545; color: #fff; text-align: center; padding: 35px 20px; border-radius: 10px;"">
        <h2 style=""color: #fff; margin-top: 0;"">Visit Our DMCC / JLT (Dubai) Branch Office Today</h2>
        <p style=""font-size: 16px; opacity: 0.9; margin-bottom: 5px;"">01-34, 1st Floor, Almas Tower, Near JLT Metro Station, Dubai, UAE</p>
        <p style=""font-size: 16px; opacity: 0.9; margin-bottom: 20px;"">Call us at <strong>055-9831923</strong> or book online.</p>
        <a href=""https://nufca.com/contact-us/"" style=""background: #ffffff; color: #0b2545; font-weight: bold; padding: 14px 32px; text-decoration: none; border-radius: 6px; display: inline-block;"">Book Free Consultation</a>
    </div>
</div>

<!-- FAQ & LocalBusiness Schema -->
<script type=""application/ld+json"">
{
  ""@context"": ""https://schema.org"",
  ""@graph"": [
    {
      ""@type"": ""AccountingService"",
      ""name"": ""NUFCA DMCC / JLT (Dubai) Branch"",
      ""address"": {
        ""@type"": ""PostalAddress"",
        ""streetAddress"": ""01-34, 1st Floor, Almas Tower, Near JLT Metro Station, Dubai, UAE"",
        ""addressCountry"": ""AE""
      },
      ""telephone"": ""055-9831923"",
      ""email"": ""dmcc@nufca.com"",
      ""url"": ""https://nufca.com/dubai/dmcc/""
    },
    {
      ""@type"": ""FAQPage"",
      ""mainEntity"": [{
        ""@type"": ""Question"",
        ""name"": ""Where is NUFCA's DMCC office located?"",
        ""acceptedAnswer"": {
          ""@type"": ""Answer"",
          ""text"": ""Our DMCC office is located at 01-34, 1st Floor, Almas Tower, Near JLT Metro Station, Dubai. Call us at 055-9831923 or email dmcc@nufca.com.""
        }
      }, {
        ""@type"": ""Question"",
        ""name"": ""Do DMCC free zone companies qualify for 0% corporate tax?"",
        ""acceptedAnswer"": {
          ""@type"": ""Answer"",
          ""text"": ""DMCC entities satisfying all QFZP conditions, including adequate substance in JLT and qualifying income from trading or headquarter services, enjoy a 0% tax rate.""
        }
      }]
    }
  ]
}
</script>"
"dubai","dafza","Corporate Tax Consultants in DAFZA, Dubai","NUFCA DAFZA Branch: 7WB 2134 Second Floor, DAFZA. Corporate tax, air cargo logistics audit & free zone QFZP compliance.","<div class=""pseo-container"" style=""font-family: Arial, sans-serif; line-height: 1.6; color: #333;"">
    <div style=""background: linear-gradient(135deg, #0b2545 0%, #134074 100%); color: #fff; padding: 40px 25px; border-radius: 12px; margin-bottom: 30px;"">
        <span style=""background: #eef4f8; color: #134074; font-size: 13px; font-weight: bold; padding: 4px 12px; border-radius: 20px; text-transform: uppercase;"">
            DAFZA (Dubai Airport Freezone) • FTA Registered Tax Agents
        </span>
        <h1 style=""color: #ffffff; font-size: 32px; margin-top: 15px; font-weight: 700;"">Corporate Tax & Audit Consultants in DAFZA (Dubai Airport Freezone)</h1>
        <p style=""font-size: 18px; opacity: 0.9; max-width: 800px;"">Visit our DAFZA branch office in Building 7WB. Comprehensive corporate tax filing, aviation logistics bookkeeping, and QFZP 0% tax assessment.</p>
        
        <!-- Physical Branch Office Highlight Box -->
        <div style=""background: rgba(255, 255, 255, 0.1); border: 1px solid rgba(255, 255, 255, 0.25); padding: 15px 20px; border-radius: 8px; margin-top: 20px; font-size: 14px;"">
            <div style=""font-weight: bold; color: #8da9c4; font-size: 12px; text-transform: uppercase;"">📍 Visit Our DAFZA (Dubai Airport Freezone) Branch:</div>
            <div style=""font-size: 15px; font-weight: bold; margin-top: 4px;"">NUFCA DAFZA Branch Office</div>
            <div style=""opacity: 0.9;"">7WB 2134 Second Floor, DAFZA, Dubai, UAE</div>
            <div style=""margin-top: 6px;"">📞 Phone: <strong>055-9831923</strong> | ✉️ Email: <strong>dmcc@nufca.com</strong></div>
        </div>

        <div style=""margin-top: 25px;"">
            <a href=""https://nufca.com/contact-us/"" style=""background: #8da9c4; color: #0b2545; font-weight: bold; padding: 12px 28px; text-decoration: none; border-radius: 6px; display: inline-block;"">Get Free Corporate Tax Consultation</a>
        </div>
    </div>

    <div style=""background: #f8f9fa; border-left: 5px solid #134074; padding: 25px; border-radius: 4px; margin-bottom: 35px;"">
        <h2 style=""color: #0b2545; font-size: 24px; margin-top: 0;"">Industry Focus in DAFZA (Dubai Airport Freezone)</h2>
        <p style=""font-size: 16px;"">Specialized tax advisory for <strong>Aviation Services, Electronics Importers, Pharmaceuticals, & Air Freight Forwarders in DAFZA</strong>. Our qualified tax agents at our DAFZA (Dubai Airport Freezone) branch ensure your business complies with Federal Decree-Law No. 47 of 2022 before your 9-month filing deadline.</p>
    </div>

    <div style=""margin-bottom: 35px;"">
        <h2 style=""color: #0b2545; font-size: 24px; border-bottom: 2px solid #eef4f8; padding-bottom: 10px;"">Key Regulations in DAFZA (Dubai Airport Freezone)</h2>
        <div style=""background: #fff; border: 1px solid #e2e8f0; padding: 20px; border-radius: 8px;"">
            <p style=""font-size: 16px;"">DAFZA Authority regulations, Designated Zone warehouse distribution rules, & FTA 9% vs 0% QFZP tax guidelines.</p>
            <ul style=""padding-left: 20px; margin-top: 15px;"">
                <li><strong>FTA Registration & EmaraTax Filing:</strong> Complete setup and registration number confirmation.</li>
                <li><strong>Taxable Income Adjustments:</strong> Accounting profit adjustments for non-deductibles & depreciation.</li>
                <li><strong>Transfer Pricing & Related Party Rules:</strong> Market value benchmarking & documentation.</li>
            </ul>
        </div>
    </div>

    <div style=""margin-bottom: 40px;"">
        <h2 style=""color: #0b2545; font-size: 24px; border-bottom: 2px solid #eef4f8; padding-bottom: 10px;"">Frequently Asked Questions (DAFZA (Dubai Airport Freezone))</h2>
        <div style=""margin-top: 20px;"">
            <div style=""margin-bottom: 15px; border: 1px solid #e2e8f0; border-radius: 6px; padding: 15px;"">
                <h3 style=""font-size: 18px; color: #134074; margin: 0 0 8px 0;"">❓ Where is NUFCA's DAFZA branch office located?</h3>
                <p style=""margin: 0; color: #555;"">Our DAFZA branch is located at 7WB 2134, Second Floor, Dubai Airport Freezone (DAFZA), Dubai, UAE.</p>
            </div>
            <div style=""margin-bottom: 15px; border: 1px solid #e2e8f0; border-radius: 6px; padding: 15px;"">
                <h3 style=""font-size: 18px; color: #134074; margin: 0 0 8px 0;"">❓ Is warehouse distribution in DAFZA considered Qualifying Income?</h3>
                <p style=""margin: 0; color: #555;"">Yes. Distribution of goods or materials in or from DAFZA to a reseller is a Qualifying Activity eligible for 0% corporate tax.</p>
            </div>
        </div>
    </div>

    <div style=""background: #0b2545; color: #fff; text-align: center; padding: 35px 20px; border-radius: 10px;"">
        <h2 style=""color: #fff; margin-top: 0;"">Visit Our DAFZA (Dubai Airport Freezone) Branch Office Today</h2>
        <p style=""font-size: 16px; opacity: 0.9; margin-bottom: 5px;"">7WB 2134 Second Floor, DAFZA, Dubai, UAE</p>
        <p style=""font-size: 16px; opacity: 0.9; margin-bottom: 20px;"">Call us at <strong>055-9831923</strong> or book online.</p>
        <a href=""https://nufca.com/contact-us/"" style=""background: #ffffff; color: #0b2545; font-weight: bold; padding: 14px 32px; text-decoration: none; border-radius: 6px; display: inline-block;"">Book Free Consultation</a>
    </div>
</div>

<!-- FAQ & LocalBusiness Schema -->
<script type=""application/ld+json"">
{
  ""@context"": ""https://schema.org"",
  ""@graph"": [
    {
      ""@type"": ""AccountingService"",
      ""name"": ""NUFCA DAFZA (Dubai Airport Freezone) Branch"",
      ""address"": {
        ""@type"": ""PostalAddress"",
        ""streetAddress"": ""7WB 2134 Second Floor, DAFZA, Dubai, UAE"",
        ""addressCountry"": ""AE""
      },
      ""telephone"": ""055-9831923"",
      ""email"": ""dmcc@nufca.com"",
      ""url"": ""https://nufca.com/dubai/dafza/""
    },
    {
      ""@type"": ""FAQPage"",
      ""mainEntity"": [{
        ""@type"": ""Question"",
        ""name"": ""Where is NUFCA's DAFZA branch office located?"",
        ""acceptedAnswer"": {
          ""@type"": ""Answer"",
          ""text"": ""Our DAFZA branch is located at 7WB 2134, Second Floor, Dubai Airport Freezone (DAFZA), Dubai, UAE.""
        }
      }, {
        ""@type"": ""Question"",
        ""name"": ""Is warehouse distribution in DAFZA considered Qualifying Income?"",
        ""acceptedAnswer"": {
          ""@type"": ""Answer"",
          ""text"": ""Yes. Distribution of goods or materials in or from DAFZA to a reseller is a Qualifying Activity eligible for 0% corporate tax.""
        }
      }]
    }
  ]
}
</script>"
"sharjah","hamriyah-free-zone","Corporate Tax Consultants in Hamriyah Free Zone, Sharjah","NUFCA Hamriyah Free Zone Branch: ELOB Office No. E2-115F-35. Corporate tax, maritime & industrial audit services in Sharjah.","<div class=""pseo-container"" style=""font-family: Arial, sans-serif; line-height: 1.6; color: #333;"">
    <div style=""background: linear-gradient(135deg, #0b2545 0%, #134074 100%); color: #fff; padding: 40px 25px; border-radius: 12px; margin-bottom: 30px;"">
        <span style=""background: #eef4f8; color: #134074; font-size: 13px; font-weight: bold; padding: 4px 12px; border-radius: 20px; text-transform: uppercase;"">
            Hamriyah Free Zone (Sharjah) • FTA Registered Tax Agents
        </span>
        <h1 style=""color: #ffffff; font-size: 32px; margin-top: 15px; font-weight: 700;"">Corporate Tax & Industrial Audit Consultants in Hamriyah Free Zone</h1>
        <p style=""font-size: 18px; opacity: 0.9; max-width: 800px;"">Visit our Sharjah branch in ELOB Office E2-115F-35. Specialized corporate tax computation, maritime industrial auditing, and QFZP tax filing.</p>
        
        <!-- Physical Branch Office Highlight Box -->
        <div style=""background: rgba(255, 255, 255, 0.1); border: 1px solid rgba(255, 255, 255, 0.25); padding: 15px 20px; border-radius: 8px; margin-top: 20px; font-size: 14px;"">
            <div style=""font-weight: bold; color: #8da9c4; font-size: 12px; text-transform: uppercase;"">📍 Visit Our Hamriyah Free Zone (Sharjah) Branch:</div>
            <div style=""font-size: 15px; font-weight: bold; margin-top: 4px;"">NUFCA Sharjah Hamriyah Branch Office</div>
            <div style=""opacity: 0.9;"">ELOB Office No. E2-115F-35, Hamriyah Free Zone, Sharjah, UAE</div>
            <div style=""margin-top: 6px;"">📞 Phone: <strong>055-5204830</strong> | ✉️ Email: <strong>hm@nufca.com</strong></div>
        </div>

        <div style=""margin-top: 25px;"">
            <a href=""https://nufca.com/contact-us/"" style=""background: #8da9c4; color: #0b2545; font-weight: bold; padding: 12px 28px; text-decoration: none; border-radius: 6px; display: inline-block;"">Get Free Corporate Tax Consultation</a>
        </div>
    </div>

    <div style=""background: #f8f9fa; border-left: 5px solid #134074; padding: 25px; border-radius: 4px; margin-bottom: 35px;"">
        <h2 style=""color: #0b2545; font-size: 24px; margin-top: 0;"">Industry Focus in Hamriyah Free Zone (Sharjah)</h2>
        <p style=""font-size: 16px;"">Specialized tax advisory for <strong>Steel Fabricators, Oil & Gas Services, Maritime Logistics, Heavy Industry & Factories in Hamriyah Free Zone</strong>. Our qualified tax agents at our Hamriyah Free Zone (Sharjah) branch ensure your business complies with Federal Decree-Law No. 47 of 2022 before your 9-month filing deadline.</p>
    </div>

    <div style=""margin-bottom: 35px;"">
        <h2 style=""color: #0b2545; font-size: 24px; border-bottom: 2px solid #eef4f8; padding-bottom: 10px;"">Key Regulations in Hamriyah Free Zone (Sharjah)</h2>
        <div style=""background: #fff; border: 1px solid #e2e8f0; padding: 20px; border-radius: 8px;"">
            <p style=""font-size: 16px;"">HFZA Authority rules, Industrial license capital expenditure deductions, & Article 18 QFZP Qualifying Income.</p>
            <ul style=""padding-left: 20px; margin-top: 15px;"">
                <li><strong>FTA Registration & EmaraTax Filing:</strong> Complete setup and registration number confirmation.</li>
                <li><strong>Taxable Income Adjustments:</strong> Accounting profit adjustments for non-deductibles & depreciation.</li>
                <li><strong>Transfer Pricing & Related Party Rules:</strong> Market value benchmarking & documentation.</li>
            </ul>
        </div>
    </div>

    <div style=""margin-bottom: 40px;"">
        <h2 style=""color: #0b2545; font-size: 24px; border-bottom: 2px solid #eef4f8; padding-bottom: 10px;"">Frequently Asked Questions (Hamriyah Free Zone (Sharjah))</h2>
        <div style=""margin-top: 20px;"">
            <div style=""margin-bottom: 15px; border: 1px solid #e2e8f0; border-radius: 6px; padding: 15px;"">
                <h3 style=""font-size: 18px; color: #134074; margin: 0 0 8px 0;"">❓ Where is NUFCA's Sharjah branch office located?</h3>
                <p style=""margin: 0; color: #555;"">Our Sharjah branch is located at ELOB Office No. E2-115F-35, Hamriyah Free Zone, Sharjah. Call us at 055-5204830 or email hm@nufca.com.</p>
            </div>
            <div style=""margin-bottom: 15px; border: 1px solid #e2e8f0; border-radius: 6px; padding: 15px;"">
                <h3 style=""font-size: 18px; color: #134074; margin: 0 0 8px 0;"">❓ Are manufacturing activities in Hamriyah Free Zone eligible for 0% tax?</h3>
                <p style=""margin: 0; color: #555;"">Yes. Manufacturing and processing of goods in Hamriyah Free Zone are recognized Qualifying Activities eligible for 0% corporate tax rate.</p>
            </div>
        </div>
    </div>

    <div style=""background: #0b2545; color: #fff; text-align: center; padding: 35px 20px; border-radius: 10px;"">
        <h2 style=""color: #fff; margin-top: 0;"">Visit Our Hamriyah Free Zone (Sharjah) Branch Office Today</h2>
        <p style=""font-size: 16px; opacity: 0.9; margin-bottom: 5px;"">ELOB Office No. E2-115F-35, Hamriyah Free Zone, Sharjah, UAE</p>
        <p style=""font-size: 16px; opacity: 0.9; margin-bottom: 20px;"">Call us at <strong>055-5204830</strong> or book online.</p>
        <a href=""https://nufca.com/contact-us/"" style=""background: #ffffff; color: #0b2545; font-weight: bold; padding: 14px 32px; text-decoration: none; border-radius: 6px; display: inline-block;"">Book Free Consultation</a>
    </div>
</div>

<!-- FAQ & LocalBusiness Schema -->
<script type=""application/ld+json"">
{
  ""@context"": ""https://schema.org"",
  ""@graph"": [
    {
      ""@type"": ""AccountingService"",
      ""name"": ""NUFCA Hamriyah Free Zone (Sharjah) Branch"",
      ""address"": {
        ""@type"": ""PostalAddress"",
        ""streetAddress"": ""ELOB Office No. E2-115F-35, Hamriyah Free Zone, Sharjah, UAE"",
        ""addressCountry"": ""AE""
      },
      ""telephone"": ""055-5204830"",
      ""email"": ""hm@nufca.com"",
      ""url"": ""https://nufca.com/sharjah/hamriyah-free-zone/""
    },
    {
      ""@type"": ""FAQPage"",
      ""mainEntity"": [{
        ""@type"": ""Question"",
        ""name"": ""Where is NUFCA's Sharjah branch office located?"",
        ""acceptedAnswer"": {
          ""@type"": ""Answer"",
          ""text"": ""Our Sharjah branch is located at ELOB Office No. E2-115F-35, Hamriyah Free Zone, Sharjah. Call us at 055-5204830 or email hm@nufca.com.""
        }
      }, {
        ""@type"": ""Question"",
        ""name"": ""Are manufacturing activities in Hamriyah Free Zone eligible for 0% tax?"",
        ""acceptedAnswer"": {
          ""@type"": ""Answer"",
          ""text"": ""Yes. Manufacturing and processing of goods in Hamriyah Free Zone are recognized Qualifying Activities eligible for 0% corporate tax rate.""
        }
      }]
    }
  ]
}
</script>"
"abu-dhabi","reem-island","Corporate Tax Consultants in Al Reem Island, Abu Dhabi","NUFCA Abu Dhabi Branch: Office 2402G, 24th Floor, Tamouh Tower, Al Reem Island. 9% Corporate tax filing & financial advisory.","<div class=""pseo-container"" style=""font-family: Arial, sans-serif; line-height: 1.6; color: #333;"">
    <div style=""background: linear-gradient(135deg, #0b2545 0%, #134074 100%); color: #fff; padding: 40px 25px; border-radius: 12px; margin-bottom: 30px;"">
        <span style=""background: #eef4f8; color: #134074; font-size: 13px; font-weight: bold; padding: 4px 12px; border-radius: 20px; text-transform: uppercase;"">
            Al Reem Island (Abu Dhabi) • FTA Registered Tax Agents
        </span>
        <h1 style=""color: #ffffff; font-size: 32px; margin-top: 15px; font-weight: 700;"">Corporate Tax Consultants in Tamouh Tower, Al Reem Island Abu Dhabi</h1>
        <p style=""font-size: 18px; opacity: 0.9; max-width: 800px;"">Visit our Abu Dhabi branch office on the 24th Floor of Tamouh Tower. Full corporate tax registration, 9% CT return filing, and financial audit.</p>
        
        <!-- Physical Branch Office Highlight Box -->
        <div style=""background: rgba(255, 255, 255, 0.1); border: 1px solid rgba(255, 255, 255, 0.25); padding: 15px 20px; border-radius: 8px; margin-top: 20px; font-size: 14px;"">
            <div style=""font-weight: bold; color: #8da9c4; font-size: 12px; text-transform: uppercase;"">📍 Visit Our Al Reem Island (Abu Dhabi) Branch:</div>
            <div style=""font-size: 15px; font-weight: bold; margin-top: 4px;"">NUFCA Abu Dhabi Branch Office</div>
            <div style=""opacity: 0.9;"">Office 2402G, 24th Floor, Tamouh Tower, Tamouh, Al Reem Island, Abu Dhabi, UAE</div>
            <div style=""margin-top: 6px;"">📞 Phone: <strong>055-9831923</strong> | ✉️ Email: <strong>dmcc@nufca.com</strong></div>
        </div>

        <div style=""margin-top: 25px;"">
            <a href=""https://nufca.com/contact-us/"" style=""background: #8da9c4; color: #0b2545; font-weight: bold; padding: 12px 28px; text-decoration: none; border-radius: 6px; display: inline-block;"">Get Free Corporate Tax Consultation</a>
        </div>
    </div>

    <div style=""background: #f8f9fa; border-left: 5px solid #134074; padding: 25px; border-radius: 4px; margin-bottom: 35px;"">
        <h2 style=""color: #0b2545; font-size: 24px; margin-top: 0;"">Industry Focus in Al Reem Island (Abu Dhabi)</h2>
        <p style=""font-size: 16px;"">Specialized tax advisory for <strong>Real Estate Developers, Offshore Holding Entities, Financial Consultancies, & Capital Firms on Al Reem Island</strong>. Our qualified tax agents at our Al Reem Island (Abu Dhabi) branch ensure your business complies with Federal Decree-Law No. 47 of 2022 before your 9-month filing deadline.</p>
    </div>

    <div style=""margin-bottom: 35px;"">
        <h2 style=""color: #0b2545; font-size: 24px; border-bottom: 2px solid #eef4f8; padding-bottom: 10px;"">Key Regulations in Al Reem Island (Abu Dhabi)</h2>
        <div style=""background: #fff; border: 1px solid #e2e8f0; padding: 20px; border-radius: 8px;"">
            <p style=""font-size: 16px;"">Abu Dhabi DED licensing, 9% Corporate Tax compliance, & FTA EmaraTax submission.</p>
            <ul style=""padding-left: 20px; margin-top: 15px;"">
                <li><strong>FTA Registration & EmaraTax Filing:</strong> Complete setup and registration number confirmation.</li>
                <li><strong>Taxable Income Adjustments:</strong> Accounting profit adjustments for non-deductibles & depreciation.</li>
                <li><strong>Transfer Pricing & Related Party Rules:</strong> Market value benchmarking & documentation.</li>
            </ul>
        </div>
    </div>

    <div style=""margin-bottom: 40px;"">
        <h2 style=""color: #0b2545; font-size: 24px; border-bottom: 2px solid #eef4f8; padding-bottom: 10px;"">Frequently Asked Questions (Al Reem Island (Abu Dhabi))</h2>
        <div style=""margin-top: 20px;"">
            <div style=""margin-bottom: 15px; border: 1px solid #e2e8f0; border-radius: 6px; padding: 15px;"">
                <h3 style=""font-size: 18px; color: #134074; margin: 0 0 8px 0;"">❓ Where is NUFCA's Abu Dhabi office located?</h3>
                <p style=""margin: 0; color: #555;"">Our Abu Dhabi branch is at Office 2402G, 24th Floor, Tamouh Tower, Tamouh, Al Reem Island, Abu Dhabi, UAE.</p>
            </div>
            <div style=""margin-bottom: 15px; border: 1px solid #e2e8f0; border-radius: 6px; padding: 15px;"">
                <h3 style=""font-size: 18px; color: #134074; margin: 0 0 8px 0;"">❓ When is corporate tax registration required for Abu Dhabi companies?</h3>
                <p style=""margin: 0; color: #555;"">All Abu Dhabi companies must register for corporate tax before the FTA deadline specified for their trade license issuance month.</p>
            </div>
        </div>
    </div>

    <div style=""background: #0b2545; color: #fff; text-align: center; padding: 35px 20px; border-radius: 10px;"">
        <h2 style=""color: #fff; margin-top: 0;"">Visit Our Al Reem Island (Abu Dhabi) Branch Office Today</h2>
        <p style=""font-size: 16px; opacity: 0.9; margin-bottom: 5px;"">Office 2402G, 24th Floor, Tamouh Tower, Tamouh, Al Reem Island, Abu Dhabi, UAE</p>
        <p style=""font-size: 16px; opacity: 0.9; margin-bottom: 20px;"">Call us at <strong>055-9831923</strong> or book online.</p>
        <a href=""https://nufca.com/contact-us/"" style=""background: #ffffff; color: #0b2545; font-weight: bold; padding: 14px 32px; text-decoration: none; border-radius: 6px; display: inline-block;"">Book Free Consultation</a>
    </div>
</div>

<!-- FAQ & LocalBusiness Schema -->
<script type=""application/ld+json"">
{
  ""@context"": ""https://schema.org"",
  ""@graph"": [
    {
      ""@type"": ""AccountingService"",
      ""name"": ""NUFCA Al Reem Island (Abu Dhabi) Branch"",
      ""address"": {
        ""@type"": ""PostalAddress"",
        ""streetAddress"": ""Office 2402G, 24th Floor, Tamouh Tower, Tamouh, Al Reem Island, Abu Dhabi, UAE"",
        ""addressCountry"": ""AE""
      },
      ""telephone"": ""055-9831923"",
      ""email"": ""dmcc@nufca.com"",
      ""url"": ""https://nufca.com/abu-dhabi/reem-island/""
    },
    {
      ""@type"": ""FAQPage"",
      ""mainEntity"": [{
        ""@type"": ""Question"",
        ""name"": ""Where is NUFCA's Abu Dhabi office located?"",
        ""acceptedAnswer"": {
          ""@type"": ""Answer"",
          ""text"": ""Our Abu Dhabi branch is at Office 2402G, 24th Floor, Tamouh Tower, Tamouh, Al Reem Island, Abu Dhabi, UAE.""
        }
      }, {
        ""@type"": ""Question"",
        ""name"": ""When is corporate tax registration required for Abu Dhabi companies?"",
        ""acceptedAnswer"": {
          ""@type"": ""Answer"",
          ""text"": ""All Abu Dhabi companies must register for corporate tax before the FTA deadline specified for their trade license issuance month.""
        }
      }]
    }
  ]
}
</script>"
"dubai","business-bay","Corporate Tax Consultants in Business Bay, Dubai","Corporate tax consultants in Business Bay Dubai. Specialized corporate tax registration, 9% CT return filing & transfer pricing.","<div class=""pseo-container"" style=""font-family: Arial, sans-serif; line-height: 1.6; color: #333;"">
    <div style=""background: linear-gradient(135deg, #0b2545 0%, #134074 100%); color: #fff; padding: 40px 25px; border-radius: 12px; margin-bottom: 30px;"">
        <span style=""background: #eef4f8; color: #134074; font-size: 13px; font-weight: bold; padding: 4px 12px; border-radius: 20px; text-transform: uppercase;"">
            Business Bay (Dubai) • FTA Registered Tax Agents
        </span>
        <h1 style=""color: #ffffff; font-size: 32px; margin-top: 15px; font-weight: 700;"">Corporate Tax Consultants in Business Bay Who Handle Full Filing Compliance</h1>
        <p style=""font-size: 18px; opacity: 0.9; max-width: 800px;"">Tailored corporate tax filing, audited financial statement preparation, and corporate tax group consolidation for firms operating in Business Bay.</p>
        
        <!-- Physical Branch Office Highlight Box -->
        <div style=""background: rgba(255, 255, 255, 0.1); border: 1px solid rgba(255, 255, 255, 0.25); padding: 15px 20px; border-radius: 8px; margin-top: 20px; font-size: 14px;"">
            <div style=""font-weight: bold; color: #8da9c4; font-size: 12px; text-transform: uppercase;"">📍 Visit Our Business Bay (Dubai) Branch:</div>
            <div style=""font-size: 15px; font-weight: bold; margin-top: 4px;"">NUFCA Dubai Headquarters</div>
            <div style=""opacity: 0.9;"">Business Bay, Dubai, UAE</div>
            <div style=""margin-top: 6px;"">📞 Phone: <strong>055-9831923</strong> | ✉️ Email: <strong>dmcc@nufca.com</strong></div>
        </div>

        <div style=""margin-top: 25px;"">
            <a href=""https://nufca.com/contact-us/"" style=""background: #8da9c4; color: #0b2545; font-weight: bold; padding: 12px 28px; text-decoration: none; border-radius: 6px; display: inline-block;"">Get Free Corporate Tax Consultation</a>
        </div>
    </div>

    <div style=""background: #f8f9fa; border-left: 5px solid #134074; padding: 25px; border-radius: 4px; margin-bottom: 35px;"">
        <h2 style=""color: #0b2545; font-size: 24px; margin-top: 0;"">Industry Focus in Business Bay (Dubai)</h2>
        <p style=""font-size: 16px;"">Specialized tax advisory for <strong>Corporate Headquarters, Management Consultancies, Real Estate Agencies, & Commercial Enterprises in Business Bay</strong>. Our qualified tax agents at our Business Bay (Dubai) branch ensure your business complies with Federal Decree-Law No. 47 of 2022 before your 9-month filing deadline.</p>
    </div>

    <div style=""margin-bottom: 35px;"">
        <h2 style=""color: #0b2545; font-size: 24px; border-bottom: 2px solid #eef4f8; padding-bottom: 10px;"">Key Regulations in Business Bay (Dubai)</h2>
        <div style=""background: #fff; border: 1px solid #e2e8f0; padding: 20px; border-radius: 8px;"">
            <p style=""font-size: 16px;"">Dubai DET licensing requirements, Corporate Tax registration, and Economic Substance Regulations (ESR).</p>
            <ul style=""padding-left: 20px; margin-top: 15px;"">
                <li><strong>FTA Registration & EmaraTax Filing:</strong> Complete setup and registration number confirmation.</li>
                <li><strong>Taxable Income Adjustments:</strong> Accounting profit adjustments for non-deductibles & depreciation.</li>
                <li><strong>Transfer Pricing & Related Party Rules:</strong> Market value benchmarking & documentation.</li>
            </ul>
        </div>
    </div>

    <div style=""margin-bottom: 40px;"">
        <h2 style=""color: #0b2545; font-size: 24px; border-bottom: 2px solid #eef4f8; padding-bottom: 10px;"">Frequently Asked Questions (Business Bay (Dubai))</h2>
        <div style=""margin-top: 20px;"">
            <div style=""margin-bottom: 15px; border: 1px solid #e2e8f0; border-radius: 6px; padding: 15px;"">
                <h3 style=""font-size: 18px; color: #134074; margin: 0 0 8px 0;"">❓ When is the corporate tax return due for a Business Bay company?</h3>
                <p style=""margin: 0; color: #555;"">Corporate tax returns and tax payments are due within 9 months of the end of the relevant tax period.</p>
            </div>
            <div style=""margin-bottom: 15px; border: 1px solid #e2e8f0; border-radius: 6px; padding: 15px;"">
                <h3 style=""font-size: 18px; color: #134074; margin: 0 0 8px 0;"">❓ Can a Business Bay holding company form a Corporate Tax Group?</h3>
                <p style=""margin: 0; color: #555;"">Yes. A UAE resident holding company owning 95% or more of subsidiary shares can form a Corporate Tax Group.</p>
            </div>
        </div>
    </div>

    <div style=""background: #0b2545; color: #fff; text-align: center; padding: 35px 20px; border-radius: 10px;"">
        <h2 style=""color: #fff; margin-top: 0;"">Visit Our Business Bay (Dubai) Branch Office Today</h2>
        <p style=""font-size: 16px; opacity: 0.9; margin-bottom: 5px;"">Business Bay, Dubai, UAE</p>
        <p style=""font-size: 16px; opacity: 0.9; margin-bottom: 20px;"">Call us at <strong>055-9831923</strong> or book online.</p>
        <a href=""https://nufca.com/contact-us/"" style=""background: #ffffff; color: #0b2545; font-weight: bold; padding: 14px 32px; text-decoration: none; border-radius: 6px; display: inline-block;"">Book Free Consultation</a>
    </div>
</div>

<!-- FAQ & LocalBusiness Schema -->
<script type=""application/ld+json"">
{
  ""@context"": ""https://schema.org"",
  ""@graph"": [
    {
      ""@type"": ""AccountingService"",
      ""name"": ""NUFCA Business Bay (Dubai) Branch"",
      ""address"": {
        ""@type"": ""PostalAddress"",
        ""streetAddress"": ""Business Bay, Dubai, UAE"",
        ""addressCountry"": ""AE""
      },
      ""telephone"": ""055-9831923"",
      ""email"": ""dmcc@nufca.com"",
      ""url"": ""https://nufca.com/dubai/business-bay/""
    },
    {
      ""@type"": ""FAQPage"",
      ""mainEntity"": [{
        ""@type"": ""Question"",
        ""name"": ""When is the corporate tax return due for a Business Bay company?"",
        ""acceptedAnswer"": {
          ""@type"": ""Answer"",
          ""text"": ""Corporate tax returns and tax payments are due within 9 months of the end of the relevant tax period.""
        }
      }, {
        ""@type"": ""Question"",
        ""name"": ""Can a Business Bay holding company form a Corporate Tax Group?"",
        ""acceptedAnswer"": {
          ""@type"": ""Answer"",
          ""text"": ""Yes. A UAE resident holding company owning 95% or more of subsidiary shares can form a Corporate Tax Group.""
        }
      }]
    }
  ]
}
</script>"
"dubai","difc","Corporate Tax Consultants in DIFC, Dubai","DIFC corporate tax & DFSA compliance advisory. Qualifying Free Zone Person (QFZP) 0% tax assessment & transfer pricing.","<div class=""pseo-container"" style=""font-family: Arial, sans-serif; line-height: 1.6; color: #333;"">
    <div style=""background: linear-gradient(135deg, #0b2545 0%, #134074 100%); color: #fff; padding: 40px 25px; border-radius: 12px; margin-bottom: 30px;"">
        <span style=""background: #eef4f8; color: #134074; font-size: 13px; font-weight: bold; padding: 4px 12px; border-radius: 20px; text-transform: uppercase;"">
            DIFC (Dubai International Financial Centre) • FTA Registered Tax Agents
        </span>
        <h1 style=""color: #ffffff; font-size: 32px; margin-top: 15px; font-weight: 700;"">Corporate Tax & Transfer Pricing Consultants in DIFC</h1>
        <p style=""font-size: 18px; opacity: 0.9; max-width: 800px;"">Qualifying Free Zone Person (QFZP) 0% tax rate verification, DFSA regulatory alignment, and Master/Local File transfer pricing.</p>
        
        <!-- Physical Branch Office Highlight Box -->
        <div style=""background: rgba(255, 255, 255, 0.1); border: 1px solid rgba(255, 255, 255, 0.25); padding: 15px 20px; border-radius: 8px; margin-top: 20px; font-size: 14px;"">
            <div style=""font-weight: bold; color: #8da9c4; font-size: 12px; text-transform: uppercase;"">📍 Visit Our DIFC (Dubai International Financial Centre) Branch:</div>
            <div style=""font-size: 15px; font-weight: bold; margin-top: 4px;"">NUFCA DIFC Advisory Team</div>
            <div style=""opacity: 0.9;"">DIFC, Dubai, UAE</div>
            <div style=""margin-top: 6px;"">📞 Phone: <strong>055-9831923</strong> | ✉️ Email: <strong>dmcc@nufca.com</strong></div>
        </div>

        <div style=""margin-top: 25px;"">
            <a href=""https://nufca.com/contact-us/"" style=""background: #8da9c4; color: #0b2545; font-weight: bold; padding: 12px 28px; text-decoration: none; border-radius: 6px; display: inline-block;"">Get Free Corporate Tax Consultation</a>
        </div>
    </div>

    <div style=""background: #f8f9fa; border-left: 5px solid #134074; padding: 25px; border-radius: 4px; margin-bottom: 35px;"">
        <h2 style=""color: #0b2545; font-size: 24px; margin-top: 0;"">Industry Focus in DIFC (Dubai International Financial Centre)</h2>
        <p style=""font-size: 16px;"">Specialized tax advisory for <strong>Asset Managers, Investment Funds, Banks, Fintechs, & Family Offices in DIFC</strong>. Our qualified tax agents at our DIFC (Dubai International Financial Centre) branch ensure your business complies with Federal Decree-Law No. 47 of 2022 before your 9-month filing deadline.</p>
    </div>

    <div style=""margin-bottom: 35px;"">
        <h2 style=""color: #0b2545; font-size: 24px; border-bottom: 2px solid #eef4f8; padding-bottom: 10px;"">Key Regulations in DIFC (Dubai International Financial Centre)</h2>
        <div style=""background: #fff; border: 1px solid #e2e8f0; padding: 20px; border-radius: 8px;"">
            <p style=""font-size: 16px;"">DFSA AML/CFT rules, Article 18 QFZP Qualifying Income regulations, & OECD Transfer Pricing thresholds.</p>
            <ul style=""padding-left: 20px; margin-top: 15px;"">
                <li><strong>FTA Registration & EmaraTax Filing:</strong> Complete setup and registration number confirmation.</li>
                <li><strong>Taxable Income Adjustments:</strong> Accounting profit adjustments for non-deductibles & depreciation.</li>
                <li><strong>Transfer Pricing & Related Party Rules:</strong> Market value benchmarking & documentation.</li>
            </ul>
        </div>
    </div>

    <div style=""margin-bottom: 40px;"">
        <h2 style=""color: #0b2545; font-size: 24px; border-bottom: 2px solid #eef4f8; padding-bottom: 10px;"">Frequently Asked Questions (DIFC (Dubai International Financial Centre))</h2>
        <div style=""margin-top: 20px;"">
            <div style=""margin-bottom: 15px; border: 1px solid #e2e8f0; border-radius: 6px; padding: 15px;"">
                <h3 style=""font-size: 18px; color: #134074; margin: 0 0 8px 0;"">❓ Does a DIFC company automatically get 0% corporate tax?</h3>
                <p style=""margin: 0; color: #555;"">No. A DIFC company must satisfy all Qualifying Free Zone Person (QFZP) conditions, including adequate substance and audited accounts.</p>
            </div>
            <div style=""margin-bottom: 15px; border: 1px solid #e2e8f0; border-radius: 6px; padding: 15px;"">
                <h3 style=""font-size: 18px; color: #134074; margin: 0 0 8px 0;"">❓ What happens if a DIFC firm breaches the de minimis threshold?</h3>
                <p style=""margin: 0; color: #555;"">Breaching the de minimis threshold causes the entity to lose QFZP status for that tax period and the following 4 tax periods.</p>
            </div>
        </div>
    </div>

    <div style=""background: #0b2545; color: #fff; text-align: center; padding: 35px 20px; border-radius: 10px;"">
        <h2 style=""color: #fff; margin-top: 0;"">Visit Our DIFC (Dubai International Financial Centre) Branch Office Today</h2>
        <p style=""font-size: 16px; opacity: 0.9; margin-bottom: 5px;"">DIFC, Dubai, UAE</p>
        <p style=""font-size: 16px; opacity: 0.9; margin-bottom: 20px;"">Call us at <strong>055-9831923</strong> or book online.</p>
        <a href=""https://nufca.com/contact-us/"" style=""background: #ffffff; color: #0b2545; font-weight: bold; padding: 14px 32px; text-decoration: none; border-radius: 6px; display: inline-block;"">Book Free Consultation</a>
    </div>
</div>

<!-- FAQ & LocalBusiness Schema -->
<script type=""application/ld+json"">
{
  ""@context"": ""https://schema.org"",
  ""@graph"": [
    {
      ""@type"": ""AccountingService"",
      ""name"": ""NUFCA DIFC (Dubai International Financial Centre) Branch"",
      ""address"": {
        ""@type"": ""PostalAddress"",
        ""streetAddress"": ""DIFC, Dubai, UAE"",
        ""addressCountry"": ""AE""
      },
      ""telephone"": ""055-9831923"",
      ""email"": ""dmcc@nufca.com"",
      ""url"": ""https://nufca.com/dubai/difc/""
    },
    {
      ""@type"": ""FAQPage"",
      ""mainEntity"": [{
        ""@type"": ""Question"",
        ""name"": ""Does a DIFC company automatically get 0% corporate tax?"",
        ""acceptedAnswer"": {
          ""@type"": ""Answer"",
          ""text"": ""No. A DIFC company must satisfy all Qualifying Free Zone Person (QFZP) conditions, including adequate substance and audited accounts.""
        }
      }, {
        ""@type"": ""Question"",
        ""name"": ""What happens if a DIFC firm breaches the de minimis threshold?"",
        ""acceptedAnswer"": {
          ""@type"": ""Answer"",
          ""text"": ""Breaching the de minimis threshold causes the entity to lose QFZP status for that tax period and the following 4 tax periods.""
        }
      }]
    }
  ]
}
</script>"
"abu-dhabi","adgm","Corporate Tax Consultants in ADGM, Abu Dhabi","ADGM corporate tax consultants. Specialized Qualifying Free Zone Person (QFZP) 0% rate assessment & transfer pricing.","<div class=""pseo-container"" style=""font-family: Arial, sans-serif; line-height: 1.6; color: #333;"">
    <div style=""background: linear-gradient(135deg, #0b2545 0%, #134074 100%); color: #fff; padding: 40px 25px; border-radius: 12px; margin-bottom: 30px;"">
        <span style=""background: #eef4f8; color: #134074; font-size: 13px; font-weight: bold; padding: 4px 12px; border-radius: 20px; text-transform: uppercase;"">
            ADGM (Abu Dhabi Global Market) • FTA Registered Tax Agents
        </span>
        <h1 style=""color: #ffffff; font-size: 32px; margin-top: 15px; font-weight: 700;"">Corporate Tax & QFZP Advisory Consultants in ADGM, Abu Dhabi</h1>
        <p style=""font-size: 18px; opacity: 0.9; max-width: 800px;"">Qualifying Free Zone Person 0% tax verification, FSRA regulatory alignment, and transfer pricing documentation.</p>
        
        <!-- Physical Branch Office Highlight Box -->
        <div style=""background: rgba(255, 255, 255, 0.1); border: 1px solid rgba(255, 255, 255, 0.25); padding: 15px 20px; border-radius: 8px; margin-top: 20px; font-size: 14px;"">
            <div style=""font-weight: bold; color: #8da9c4; font-size: 12px; text-transform: uppercase;"">📍 Visit Our ADGM (Abu Dhabi Global Market) Branch:</div>
            <div style=""font-size: 15px; font-weight: bold; margin-top: 4px;"">NUFCA ADGM Advisory Team</div>
            <div style=""opacity: 0.9;"">ADGM, Abu Dhabi, UAE</div>
            <div style=""margin-top: 6px;"">📞 Phone: <strong>055-9831923</strong> | ✉️ Email: <strong>dmcc@nufca.com</strong></div>
        </div>

        <div style=""margin-top: 25px;"">
            <a href=""https://nufca.com/contact-us/"" style=""background: #8da9c4; color: #0b2545; font-weight: bold; padding: 12px 28px; text-decoration: none; border-radius: 6px; display: inline-block;"">Get Free Corporate Tax Consultation</a>
        </div>
    </div>

    <div style=""background: #f8f9fa; border-left: 5px solid #134074; padding: 25px; border-radius: 4px; margin-bottom: 35px;"">
        <h2 style=""color: #0b2545; font-size: 24px; margin-top: 0;"">Industry Focus in ADGM (Abu Dhabi Global Market)</h2>
        <p style=""font-size: 16px;"">Specialized tax advisory for <strong>Venture Capital Funds, Private Equity, SPVs, & Tech Startups in ADGM</strong>. Our qualified tax agents at our ADGM (Abu Dhabi Global Market) branch ensure your business complies with Federal Decree-Law No. 47 of 2022 before your 9-month filing deadline.</p>
    </div>

    <div style=""margin-bottom: 35px;"">
        <h2 style=""color: #0b2545; font-size: 24px; border-bottom: 2px solid #eef4f8; padding-bottom: 10px;"">Key Regulations in ADGM (Abu Dhabi Global Market)</h2>
        <div style=""background: #fff; border: 1px solid #e2e8f0; padding: 20px; border-radius: 8px;"">
            <p style=""font-size: 16px;"">ADGM FSRA guidelines, Article 18 QFZP Qualifying Income, & 15% MNE Top-up Tax rules.</p>
            <ul style=""padding-left: 20px; margin-top: 15px;"">
                <li><strong>FTA Registration & EmaraTax Filing:</strong> Complete setup and registration number confirmation.</li>
                <li><strong>Taxable Income Adjustments:</strong> Accounting profit adjustments for non-deductibles & depreciation.</li>
                <li><strong>Transfer Pricing & Related Party Rules:</strong> Market value benchmarking & documentation.</li>
            </ul>
        </div>
    </div>

    <div style=""margin-bottom: 40px;"">
        <h2 style=""color: #0b2545; font-size: 24px; border-bottom: 2px solid #eef4f8; padding-bottom: 10px;"">Frequently Asked Questions (ADGM (Abu Dhabi Global Market))</h2>
        <div style=""margin-top: 20px;"">
            <div style=""margin-bottom: 15px; border: 1px solid #e2e8f0; border-radius: 6px; padding: 15px;"">
                <h3 style=""font-size: 18px; color: #134074; margin: 0 0 8px 0;"">❓ Can an ADGM SPV qualify for 0% corporate tax?</h3>
                <p style=""margin: 0; color: #555;"">An ADGM SPV can qualify for 0% rate if it satisfies QFZP requirements or participation exemption rules.</p>
            </div>
            <div style=""margin-bottom: 15px; border: 1px solid #e2e8f0; border-radius: 6px; padding: 15px;"">
                <h3 style=""font-size: 18px; color: #134074; margin: 0 0 8px 0;"">❓ What transfer pricing threshold applies to ADGM entities?</h3>
                <p style=""margin: 0; color: #555;"">Entities with revenue of AED 200 million or belonging to MNE groups with AED 3.15 billion revenue must prepare Master & Local Files.</p>
            </div>
        </div>
    </div>

    <div style=""background: #0b2545; color: #fff; text-align: center; padding: 35px 20px; border-radius: 10px;"">
        <h2 style=""color: #fff; margin-top: 0;"">Visit Our ADGM (Abu Dhabi Global Market) Branch Office Today</h2>
        <p style=""font-size: 16px; opacity: 0.9; margin-bottom: 5px;"">ADGM, Abu Dhabi, UAE</p>
        <p style=""font-size: 16px; opacity: 0.9; margin-bottom: 20px;"">Call us at <strong>055-9831923</strong> or book online.</p>
        <a href=""https://nufca.com/contact-us/"" style=""background: #ffffff; color: #0b2545; font-weight: bold; padding: 14px 32px; text-decoration: none; border-radius: 6px; display: inline-block;"">Book Free Consultation</a>
    </div>
</div>

<!-- FAQ & LocalBusiness Schema -->
<script type=""application/ld+json"">
{
  ""@context"": ""https://schema.org"",
  ""@graph"": [
    {
      ""@type"": ""AccountingService"",
      ""name"": ""NUFCA ADGM (Abu Dhabi Global Market) Branch"",
      ""address"": {
        ""@type"": ""PostalAddress"",
        ""streetAddress"": ""ADGM, Abu Dhabi, UAE"",
        ""addressCountry"": ""AE""
      },
      ""telephone"": ""055-9831923"",
      ""email"": ""dmcc@nufca.com"",
      ""url"": ""https://nufca.com/abu-dhabi/adgm/""
    },
    {
      ""@type"": ""FAQPage"",
      ""mainEntity"": [{
        ""@type"": ""Question"",
        ""name"": ""Can an ADGM SPV qualify for 0% corporate tax?"",
        ""acceptedAnswer"": {
          ""@type"": ""Answer"",
          ""text"": ""An ADGM SPV can qualify for 0% rate if it satisfies QFZP requirements or participation exemption rules.""
        }
      }, {
        ""@type"": ""Question"",
        ""name"": ""What transfer pricing threshold applies to ADGM entities?"",
        ""acceptedAnswer"": {
          ""@type"": ""Answer"",
          ""text"": ""Entities with revenue of AED 200 million or belonging to MNE groups with AED 3.15 billion revenue must prepare Master & Local Files.""
        }
      }]
    }
  ]
}
</script>"
