Complete 55 Live Programmatic URLs Directory,,,,,,,
,,,,,,,
No.,Service Hub Name,Parent (All UAE),Dubai (Bur Dubai HQ),Gold Souk (Deira),Abu Dhabi (Tamouh),Sharjah (Hamriyah),Schema Status
1,Corporate Tax in UAE,https://nufca.com/corporate-tax-in-uae/,https://nufca.com/corporate-tax-in-uae/dubai/,https://nufca.com/corporate-tax-in-uae/gold-souk-dubai/,https://nufca.com/corporate-tax-in-uae/abu-dhabi/,https://nufca.com/corporate-tax-in-uae/sharjah/,6-Layer Valid
2,VAT Consultancy Services,https://nufca.com/vat-consultancy-in-uae/,https://nufca.com/vat-consultancy-in-uae/dubai/,https://nufca.com/vat-consultancy-in-uae/gold-souk-dubai/,https://nufca.com/vat-consultancy-in-uae/abu-dhabi/,https://nufca.com/vat-consultancy-in-uae/sharjah/,6-Layer Valid
3,VAT Health Check Services,https://nufca.com/vat-health-check-uae/,https://nufca.com/vat-health-check-uae/dubai/,https://nufca.com/vat-health-check-uae/gold-souk-dubai/,https://nufca.com/vat-health-check-uae/abu-dhabi/,https://nufca.com/vat-health-check-uae/sharjah/,6-Layer Valid
4,Excise Tax Services,https://nufca.com/excise-tax-services-in-uae/,https://nufca.com/excise-tax-services-in-uae/dubai/,https://nufca.com/excise-tax-services-in-uae/gold-souk-dubai/,https://nufca.com/excise-tax-services-in-uae/abu-dhabi/,https://nufca.com/excise-tax-services-in-uae/sharjah/,6-Layer Valid
5,ESR Compliance Services,https://nufca.com/esr-compliance-services-in-uae/,https://nufca.com/esr-compliance-services-in-uae/dubai/,https://nufca.com/esr-compliance-services-in-uae/gold-souk-dubai/,https://nufca.com/esr-compliance-services-in-uae/abu-dhabi/,https://nufca.com/esr-compliance-services-in-uae/sharjah/,6-Layer Valid
6,Audit & Assurance Services,https://nufca.com/audit-assurance-uae/,https://nufca.com/audit-assurance-uae/dubai/,https://nufca.com/audit-assurance-uae/gold-souk-dubai/,https://nufca.com/audit-assurance-uae/abu-dhabi/,https://nufca.com/audit-assurance-uae/sharjah/,6-Layer Valid
7,Internal Audit & Risk Review,https://nufca.com/internal-audit-uae/,https://nufca.com/internal-audit-uae/dubai/,https://nufca.com/internal-audit-uae/gold-souk-dubai/,https://nufca.com/internal-audit-uae/abu-dhabi/,https://nufca.com/internal-audit-uae/sharjah/,6-Layer Valid
8,List of Audit Services,https://nufca.com/list-of-audit-services-in-uae/,https://nufca.com/list-of-audit-services-in-uae/dubai/,https://nufca.com/list-of-audit-services-in-uae/gold-souk-dubai/,https://nufca.com/list-of-audit-services-in-uae/abu-dhabi/,https://nufca.com/list-of-audit-services-in-uae/sharjah/,6-Layer Valid
9,RERA & Escrow Audit,https://nufca.com/rera-audit-uae/,https://nufca.com/rera-audit-uae/dubai/,https://nufca.com/rera-audit-uae/gold-souk-dubai/,https://nufca.com/rera-audit-uae/abu-dhabi/,https://nufca.com/rera-audit-uae/sharjah/,6-Layer Valid
10,Mollak Services & Audit,https://nufca.com/mollak-audit-services-uae/,https://nufca.com/mollak-audit-services-uae/dubai/,https://nufca.com/mollak-audit-services-uae/gold-souk-dubai/,https://nufca.com/mollak-audit-services-uae/abu-dhabi/,https://nufca.com/mollak-audit-services-uae/sharjah/,6-Layer Valid
11,FTA VAT Audit Assistance,https://nufca.com/fta-vat-audit-assistance-uae/,https://nufca.com/fta-vat-audit-assistance-uae/dubai/,https://nufca.com/fta-vat-audit-assistance-uae/gold-souk-dubai/,https://nufca.com/fta-vat-audit-assistance-uae/abu-dhabi/,https://nufca.com/fta-vat-audit-assistance-uae/sharjah/,6-Layer Valid
,,,,,,,
,,,,,,,
Structured Schema Suite,Column 1,Column 2,Column 3,,,,
Schema Type,Google SERP Rich Feature,Scope & Details,Status,,,,
AggregateRating,Golden Star Ratings in SERP Snippets,5.0 Stars based on 148+ Reviews,100% Valid,,,,
AccountingService & LocalBusiness,Local Knowledge Panel / Google Maps,"Branch Addresses, Phone, Hours & Geocoordinates",100% Valid,,,,
OfferCatalog / Service,Service Catalog & Deliverables,Core Tax & Audit Service Scope,100% Valid,,,,
HowTo Process,Process Rich Cards in Search,4-Phase & 5-Phase Engagement Methodology,100% Valid,,,,
SpeakableSpecification,Google Gemini AI Overviews & Voice,Hero Subheadlines & Advisory Value Cards,100% Valid,,,,
FAQPage,Expandable FAQ Accordion Snippets,5 to 8 Structured Q&As per page,100% Valid,,,,
BreadcrumbList,Clean URL Navigation Path in SERP,Home > Service Hub > City Branch,100% Valid,,,,
,,,,,,,
,,,,,,,
Keyword Volume & Priority Roadmap,,,,,,,
,,,,,,,
Row #,Page Name,Primary Focus Keyword,Search Volume,CPC (USD),Priority / Status,,
1,Corporate Tax Consultants,Corporate Tax Consultants Dubai,1000,$0.00,LIVE & OPTIMIZED,,
2,VAT Consultancy Services,VAT Consultancy Services Dubai,70,$0.00,LIVE & OPTIMIZED,,
3,Audit & Assurance Services,Audit and Assurance Services Dubai,390,$0.00,LIVE & OPTIMIZED,,
4,Internal Audit Services,Internal Audit Services Dubai,170,$5.05,LIVE & OPTIMIZED,,
5,RERA Approved Auditors,RERA Approved Auditors Dubai,90,$0.00,LIVE & OPTIMIZED,,
6,Mollak Services,Mollak Services Dubai,140,$0.00,LIVE & OPTIMIZED,,
7,FTA VAT Audit Assistance,FTA VAT Audit Assistance Dubai,50,$0.00,LIVE & OPTIMIZED,,
8,VAT Health Check,VAT Health Check Services Dubai,40,$0.00,LIVE & OPTIMIZED,,
9,Excise Tax Advisory,Excise Tax Services UAE,90,$0.00,LIVE & OPTIMIZED,,
10,Economic Substance Regulations,ESR Compliance Services Dubai,70,$0.00,LIVE & OPTIMIZED,,
11,Ultimate Beneficial Owner (UBO),UBO Register Compliance Dubai,50,$0.00,Next Target,,
12,AML CFT Compliance Services,AML CFT Compliance Services Dubai,110,$0.00,Next Target,,
13,Bookkeeping Services,Bookkeeping Services Dubai,720,$7.73,High Priority (#4),,
14,Mainland Company Formation,Mainland Company Formation Dubai,30,$5.64,Next Target,,
15,Freezone Company Formation,Freezone Company Formation Dubai,480,$10.15,High Priority (#5),,
16,Offshore Company Formation,Offshore Company Formation UAE,2400,$5.01,High Priority (#2),,
17,Company Setup Consulting,Business Setup Consultants Dubai,2900,$9.79,High Priority (#1),,
18,Company Liquidation Services,Company Liquidation Services Dubai,20,$0.00,Next Target,,
19,Liquidation Audit Report,Liquidation Audit Report Dubai,30,$0.00,Next Target,,
20,Forensic Audit & Accounting,Forensic Audit Services Dubai,90,$0.00,Next Target,,
21,Tax Residency Certificate (TRC),Tax Residency Certificate Dubai,20,$1.25,Next Target,,
22,JAFZA Approved Auditors,JAFZA Approved Auditors Dubai,70,$0.00,Next Target,,
23,DAFZA Approved Auditors,DAFZA Approved Auditors Dubai,40,$0.00,Next Target,,
24,Due Diligence Services,Financial Due Diligence Services Dubai,70,$0.00,Next Target,,
25,Business Valuation Services,Business Valuation Services Dubai,10,$0.00,Next Target,,
26,IFRS Advisory Services,IFRS Advisory Services Dubai,40,$0.00,Next Target,,
27,Agreed Upon Procedures (AUP),Agreed Upon Procedures Dubai,50,$0.00,Next Target,,
28,Business Consultancy Services,Management Business Consultancy Dubai,140,$3.80,Next Target,,
29,Feasibility Study,Feasibility Study Consultants Dubai,1300,$0.00,High Priority (#3),,
30,Mergers & Acquisitions Advisory,Mergers and Acquisitions Advisory Dubai,0,$0.00,Next Target,,
31,CFO Advisory Services,Virtual CFO Services Dubai,110,$0.00,Next Target,,
32,Corporate Finance,Corporate Finance Services Dubai,90,$0.00,Next Target,,
33,Accounting Supervision,Accounting Supervision Services Dubai,30,$0.00,Next Target,,
34,Accounting Backlog Compilation,Accounting Backlog Services Dubai,40,$0.00,Next Target,,
35,Fixed Assets Control Services,Fixed Assets Tagging and Verification Dubai,50,$0.00,Next Target,,
36,Inventory Control Services,Inventory Audit and Control Dubai,40,$0.00,Next Target,,
37,Standard Operating Procedures (SOP),SOP Documentation Services Dubai,50,$0.00,Next Target,,
38,Payroll Outsourcing,Payroll Outsourcing Services Dubai,170,$4.50,High Priority (#7),,
39,Bank Account Opening Assistance,Corporate Bank Account Opening Dubai,260,$6.20,High Priority (#6),,
40,Tax Agent Services,FTA Certified Tax Agent Dubai,140,$0.00,Next Target,,
41,Country by Country Reporting (CbCR),CbCR Reporting Services Dubai,30,$0.00,Next Target,,
42,Information Technology Consulting,ERP and Accounting Software Consultants Dubai,90,$0.00,Next Target,,
,,,,,,,
GSC Performance Metrics & Diagnostic Analysis,,,,,,,
Metric Name,Current Value,Daily Trend / Peak,Diagnostic Analysis & SEO Insight,,,,
Total Organic Clicks,195,Peak: 18 clicks / day (21 Aug),Organic user traffic steadily rising as new programmatic pages get indexed.,,,,
Total Search Impressions,"59.5k (59,500)","1,500 – 2,500+ / day",Strong Google crawl trust; wide visibility across UAE tax & audit keywords.,,,,
Average CTR (Click-Through Rate),0.30%,Consistent across 28 days,Huge growth upside; rich snippets (stars & FAQs) will push this to 1.5%–2.5%.,,,,
Average Position,35.3,Striking Distance (Pos 11–30),Keywords are ranked in Pages 2–4; localized cross-links will push them to Page 1.,,,,
Generative AI Search Readiness,Active,Gemini AI Overviews,Tagged with SpeakableSpecification schema for AI answer citations.,,,,